{"base_4_4": {"metrics": {"train": [0.568092952259097, 0.568120180660361, 0.568120180660361], "valid": [1.1355334824298866, 1.1355334824298866, 1.1355334824298866]}}}