{"base_alpha-0_user-0.1_cafe-1_subset": {"metrics": {"train": [0.9084425801351821, 0.7441581908684991, 0.6860854253743669, 0.6619782180565668, 0.6503497150266053, 0.6446379723690686, 0.6410626201471552, 0.6392649794344238, 0.638193969141307, 0.637496851480623], "valid": [0.8132257950626886, 0.7422119415221786, 0.7163411516244953, 0.7055635817959561, 0.7009260038448715, 0.6978963894879019, 0.6967256156924884, 0.6962865448764434, 0.6957438171772949, 0.69574848364288]}}, "base_latent_alpha-0_user-0.1_cafe-1_subset": {"metrics": {"train": [0.9075133471240366, 0.7273045566174741, 0.6639405265952985, 0.6377630564584263, 0.62206849016042, 0.610770842672344, 0.6002703689783132, 0.5923830571785471, 0.584360622622496, 0.5796999536313652], "valid": [0.8067068216540489, 0.7288132901854442, 0.7089688995191487, 0.6979960837691059, 0.6944772258196187, 0.6913316415816869, 0.689716284649772, 0.6889036772286712, 0.6896452246447587, 0.6885542879677462]}}, "chains_alpha-0_user-0.1_cafe-1_chains-0.01_subset": {"metrics": {"train": [0.89961499111972, 0.7217834045538604, 0.6589494610564264, 0.633240133349702, 0.6174327649903738, 0.60589195285752, 0.5963388182083817, 0.5883167505961239, 0.5818484776641196, 0.5761944040108885], "valid": [0.7996055182318279, 0.7241611375400977, 0.7022776530172429, 0.6937068810428694, 0.6901758498528867, 0.6876362799821163, 0.6864664659510541, 0.6869234244933734, 0.6857093095413002, 0.685693734361786]}}, "chains_alpha-0_user-0.1_cafe-1_chains-0.1_subset": {"metrics": {"train": [0.9002081057019459, 0.7233196713411685, 0.6605070684824135, 0.6341106938675236, 0.618227519251973, 0.6062182274063712, 0.5974348528593632, 0.5885899193044853, 0.5815807864017998, 0.5758110656349663], "valid": [0.8015908252767769, 0.725455933099181, 0.704440625646364, 0.6943050971102883, 0.6894820782381866, 0.6882163988781501, 0.6860369563862045, 0.6869117290634705, 0.6849146858478516, 0.685070159571862]}}, "chains_alpha-0_user-0.1_cafe-1_chains-1_subset": {"metrics": {"train": [0.9011856249339295, 0.7235173782413669, 0.6616258571526659, 0.6354284316209329, 0.6198069998186813, 0.6081269126646585, 0.5985556753219752, 0.5899607516339627, 0.5826213624140806, 0.5770581268939526], "valid": [0.8010690549397979, 0.7251887220442482, 0.7054151775518823, 0.6971690192869963, 0.6910390849290581, 0.6892746682035142, 0.6886702295837943, 0.687135614704451, 0.688534534004438, 0.6879301977674992]}}, "chains_latent_alpha-0_user-0.1_cafe-1_chains-0.01_subset": {"metrics": {"train": [0.7807938361712339, 0.6594192921775125, 0.6404046832577339, 0.6300262903995226, 0.6225627728275517, 0.6161010705461832, 0.6097848726852875, 0.6043901212889965, 0.5986507603495476, 0.5926157355721299], "valid": [0.7072795496399092, 0.6944383692508299, 0.6930368014257475, 0.6880642276483391, 0.6855617799048326, 0.6839150237943519, 0.6862840669219487, 0.6824670864053025, 0.6835865150295981, 0.6813780090674044]}}, "chains_latent_alpha-0_user-0.1_cafe-1_chains-0.1_subset": {"metrics": {"train": [0.7958823720394489, 0.6678722395675497, 0.6476051578680014, 0.634478881000281, 0.6246971682843163, 0.6167490828120974, 0.6094624905288544, 0.6028869238932004, 0.5957472647713713, 0.5900971412629996], "valid": [0.7084500149868597, 0.7003210158770655, 0.6943798916730926, 0.6884637247614166, 0.6871907620837379, 0.6826760189244426, 0.679626078222547, 0.6809833071759218, 0.6789094754441095, 0.6795590463176602]}}, "chains_latent_alpha-0_user-0.1_cafe-1_chains-1_subset": {"metrics": {"train": [0.8649316903130798, 0.6871855286681937, 0.6520910643012956, 0.6341627146006364, 0.6228394572599867, 0.6124163904648829, 0.6045053588641937, 0.5960349084263434, 0.5896669871577749, 0.5834054486271038], "valid": [0.7454186153271479, 0.7140694425683752, 0.6975662012486592, 0.6938469744706928, 0.6912333967817874, 0.688449535922413, 0.6838229657614517, 0.6861168028482512, 0.6871020303378921, 0.6872079336669266]}}, "price_alpha-0_user-0.1_cafe-1_price-0.01_subset": {"metrics": {"train": [0.9020384566530738, 0.7233891058209397, 0.66236532922796, 0.6371062830985653, 0.621559051311282, 0.6098990118905244, 0.6003310447226415, 0.5921503317509131, 0.5852594779397904, 0.5795350772927135], "valid": [0.8043091079484435, 0.7277816560596588, 0.7082344155746341, 0.6982861135847651, 0.6943035063286938, 0.6935206018116493, 0.6915941426335752, 0.6912528829137886, 0.689397644964416, 0.6914607855901318]}}, "price_alpha-0_user-0.1_cafe-1_price-0.1_subset": {"metrics": {"train": [0.9018724470240924, 0.7242825466687692, 0.6617876393376608, 0.6364929021813903, 0.620582048280404, 0.6084540657479033, 0.5998289972815353, 0.5914632773986165, 0.5841401627741206, 0.5785850024046413], "valid": [0.8046311384500612, 0.7284537877912182, 0.7071072372406433, 0.6988579766095111, 0.6943725431684573, 0.6921473718045337, 0.6915281129135881, 0.6904096805938539, 0.6905147630506253, 0.6900385627811743]}}, "price_alpha-0_user-0.1_cafe-1_price-1_subset": {"metrics": {"train": [0.9016293602413946, 0.7241762620755879, 0.6633208070995172, 0.6381091004801352, 0.6222600070026373, 0.6108648824832047, 0.6009241368438986, 0.5920544433294219, 0.5852169674953088, 0.5793616503466474], "valid": [0.8028839196544468, 0.7289664934521423, 0.7079687045577879, 0.698216313380416, 0.6950551149505458, 0.6915478547012409, 0.69014510796767, 0.6901706421092294, 0.6898265286330377, 0.6895925197028118]}}, "price_latent_alpha-0_user-0.1_cafe-1_price-0.01_subset": {"metrics": {"train": [0.7878820152135643, 0.6556607868347528, 0.6337391714373382, 0.6244631428545117, 0.6165684328509781, 0.6105630803220347, 0.6043749520590671, 0.5999940160058876, 0.594088635712078, 0.5880828603517958], "valid": [0.7131105122383279, 0.7022941662696354, 0.6953876691716947, 0.692675416725095, 0.6932028951796939, 0.6885558360837783, 0.6891816120869415, 0.6881163980534124, 0.6857701301733635, 0.6866787170933842]}}, "price_latent_alpha-0_user-0.1_cafe-1_price-0.1_subset": {"metrics": {"train": [0.8002791176458587, 0.6612273527697534, 0.6331263365411116, 0.6192368577627723, 0.6102333577824257, 0.602775569299031, 0.5959101203148183, 0.5891474331531729, 0.5825156504591691, 0.576957920312163], "valid": [0.7173958749381392, 0.6986185385201439, 0.6912589400904058, 0.6885155616338812, 0.6865837152492592, 0.6842560106192068, 0.6822076292363414, 0.6811374888037618, 0.681695859860355, 0.6798675539043]}}, "price_latent_alpha-0_user-0.1_cafe-1_price-1_subset": {"metrics": {"train": [0.8697404546788041, 0.6928955087392363, 0.6580351119875759, 0.6384101750795749, 0.6245584753470208, 0.6139108691900022, 0.6043146134519329, 0.5960095037693957, 0.5885693062611981, 0.5824794061509716], "valid": [0.7503653098462983, 0.7182387419309024, 0.7068952191287896, 0.6963039062484319, 0.6932220342150177, 0.6909592128398617, 0.6879402520775517, 0.6877626523271214, 0.6868502649670066, 0.6854232856817909]}}, "open_hours_alpha-0_user-0.1_cafe-1_open_hours-0.01_subset": {"metrics": {"train": [0.9041180152415008, 0.7264482348625787, 0.6622912782319152, 0.6362230114942413, 0.620260993215274, 0.6086644904770887, 0.5983733161381317, 0.5899714659070614, 0.583029610311522, 0.5774871804787518], "valid": [0.8057624109850077, 0.7284071802501391, 0.7066213755114398, 0.697990619723048, 0.6928499872713704, 0.6921195192358757, 0.6900544723850601, 0.6897838830029625, 0.6886606944983382, 0.6895676173797578]}}, "open_hours_alpha-0_user-0.1_cafe-1_open_hours-0.1_subset": {"metrics": {"train": [0.9036384884522247, 0.7250506190067524, 0.6632241637051728, 0.6371464206729973, 0.6214459314462616, 0.6099006596605389, 0.6000928551446586, 0.5916144427477881, 0.5845565656018854, 0.5788770175516759], "valid": [0.803521612386008, 0.7269243114423616, 0.7056112170475473, 0.6972127177338024, 0.6924336690931494, 0.6922097573371983, 0.6894716390220297, 0.689207503832089, 0.6882629022992761, 0.6887596589244966]}},