{"base_alpha-0_user-0.1_cafe-1_subset": {"metrics": {"train": [0.9084425801351821, 0.7441581908684991, 0.6860854253743669, 0.6619782180565668, 0.6503497150266053, 0.6446379723690686, 0.6410626201471552, 0.6392649794344238, 0.638193969141307, 0.637496851480623], "valid": [0.8132257950626886, 0.7422119415221786, 0.7163411516244953, 0.7055635817959561, 0.7009260038448715, 0.6978963894879019, 0.6967256156924884, 0.6962865448764434, 0.6957438171772949, 0.69574848364288]}}, "base_latent_alpha-0_user-0.1_cafe-1_subset": {"metrics": {"train": [0.9075133471240366, 0.7273045566174741, 0.6639405265952985, 0.6377630564584263, 0.62206849016042, 0.610770842672344, 0.6002703689783132, 0.5923830571785471, 0.584360622622496, 0.5796999536313652], "valid": [0.8067068216540489, 0.7288132901854442, 0.7089688995191487, 0.6979960837691059, 0.6944772258196187, 0.6913316415816869, 0.689716284649772, 0.6889036772286712, 0.6896452246447587, 0.6885542879677462]}}}