{"base_4_4": {"metrics": {"train": [0.568092952259097, 0.568120180660361, 0.568120180660361], "valid": [1.1355334824298866, 1.1355334824298866, 1.1355334824298866]}}, "base_torch_4_subset": {"metrics": {"train": [0.9090177610544761, 0.7402286350396262, 0.6795550077372638, 0.6535641593560777, 0.6408113154255511], "valid": [0.8130902994942966, 0.743996482414082, 0.7183924247232918, 0.7072179402743685, 0.7020695245063328]}}, "base_torch_4_5_0.01_subset": {"metrics": {"train": [0.908550066268518, 0.7397045108729525, 0.6790503406247421, 0.6532833287484333, 0.640573134046873], "valid": [0.8130502056109571, 0.7433052145321846, 0.7180892816164871, 0.707076885506157, 0.7020833834967684]}}, "base_torch_8_5_0.01_subset": {"metrics": {"train": [0.910273124711251, 0.7496323949960898, 0.694357014727078, 0.6712674452850307, 0.6599639621146562], "valid": [0.8174123775979764, 0.7522884240743076, 0.7281182750270963, 0.7169757571144643, 0.7114553966531223]}}, "base_torch_2_5_0.01_subset": {"metrics": {"train": [0.9079743557470269, 0.7349992023046436, 0.671918305710281, 0.6450816359918686, 0.6319420964868503], "valid": [0.8115726544433836, 0.7402156868435844, 0.7151690831988916, 0.704720943604417, 0.6999175679338017]}}, "base_torch_1_5_0.01_subset": {"metrics": {"train": [0.9077889425316827, 0.7330066955410125, 0.6688405610344546, 0.6414450980212499, 0.6283421827524093], "valid": [0.8097139288287549, 0.7376684463850124, 0.7135360615300156, 0.7037235038088803, 0.7002479288903218]}}, "base_torch_4_3_0.01_subset": {"metrics": {"train": [0.9085815832579438, 0.7399603719165592, 0.6794815270218129], "valid": [0.812432617689642, 0.7439596977528963, 0.7181729176166044]}}, "base_torch_8_3_0.01_subset": {"metrics": {"train": [0.9109966855651904, 0.7502904192704501, 0.694946681816845], "valid": [0.817997129759082, 0.7532377810569683, 0.7279170035159275]}}, "base_torch_2_3_0.01_subset": {"metrics": {"train": [0.9078435357341289, 0.7350811528981417, 0.6719612054538497], "valid": [0.8114131526832593, 0.740136568298544, 0.7147506621794865]}}, "base_torch_1_3_0.01_subset": {"metrics": {"train": [0.9075495910603034, 0.7325885303734198, 0.6686334159505053], "valid": [0.8096227197652746, 0.7385387013224555, 0.7134133738349756]}}}