{"base_4_4": {"metrics": {"train": [0.568092952259097, 0.568120180660361, 0.568120180660361], "valid": [1.1355334824298866, 1.1355334824298866, 1.1355334824298866]}}, "base_torch_4_subset": {"metrics": {"train": [0.9090177610544761, 0.7402286350396262, 0.6795550077372638, 0.6535641593560777, 0.6408113154255511], "valid": [0.8130902994942966, 0.743996482414082, 0.7183924247232918, 0.7072179402743685, 0.7020695245063328]}}, "base_torch_4_5_0.01_subset": {"metrics": {"train": [0.908550066268518, 0.7397045108729525, 0.6790503406247421, 0.6532833287484333, 0.640573134046873], "valid": [0.8130502056109571, 0.7433052145321846, 0.7180892816164871, 0.707076885506157, 0.7020833834967684]}}, "base_torch_8_5_0.01_subset": {"metrics": {"train": [0.910273124711251, 0.7496323949960898, 0.694357014727078, 0.6712674452850307, 0.6599639621146562], "valid": [0.8174123775979764, 0.7522884240743076, 0.7281182750270963, 0.7169757571144643, 0.7114553966531223]}}, "base_torch_2_5_0.01_subset": {"metrics": {"train": [0.9079743557470269, 0.7349992023046436, 0.671918305710281, 0.6450816359918686, 0.6319420964868503], "valid": [0.8115726544433836, 0.7402156868435844, 0.7151690831988916, 0.704720943604417, 0.6999175679338017]}}, "base_torch_1_5_0.01_subset": {"metrics": {"train": [0.9077889425316827, 0.7330066955410125, 0.6688405610344546, 0.6414450980212499, 0.6283421827524093], "valid": [0.8097139288287549, 0.7376684463850124, 0.7135360615300156, 0.7037235038088803, 0.7002479288903218]}}, "base_torch_4_3_0.01_subset": {"metrics": {"train": [0.9085815832579438, 0.7399603719165592, 0.6794815270218129], "valid": [0.812432617689642, 0.7439596977528963, 0.7181729176166044]}}, "base_torch_8_3_0.01_subset": {"metrics": {"train": [0.9109966855651904, 0.7502904192704501, 0.694946681816845], "valid": [0.817997129759082, 0.7532377810569683, 0.7279170035159275]}}, "base_torch_2_3_0.01_subset": {"metrics": {"train": [0.9078435357341289, 0.7350811528981417, 0.6719612054538497], "valid": [0.8114131526832593, 0.740136568298544, 0.7147506621794865]}}, "base_torch_1_3_0.01_subset": {"metrics": {"train": [0.9075495910603034, 0.7325885303734198, 0.6686334159505053], "valid": [0.8096227197652746, 0.7385387013224555, 0.7134133738349756]}}, "base_torch_2_10_0.01_subset": {"metrics": {"train": [0.9076964400346091, 0.7348326148673358, 0.6717693693715313, 0.6449937739062326, 0.6318787666040618, 0.625121257487325, 0.6210008608037666, 0.6186555220797285, 0.6173100725427538, 0.6164806891518592], "valid": [0.8107640882052788, 0.7393677648127496, 0.7144746818030555, 0.7044129844145021, 0.7002648874392744, 0.6976587414781248, 0.6966250003790257, 0.6963273783756602, 0.6959228448632407, 0.6960128025095123]}}, "base_torch_1_10_0.01_subset": {"metrics": {"train": [0.907555553895425, 0.7325681821839304, 0.6684151819925283, 0.6412855469963147, 0.6281570379653153, 0.6212431192022829, 0.6174834106622356, 0.615275618218009, 0.6139119382486271, 0.6132054967127161], "valid": [0.8103900660242288, 0.7383484633477561, 0.7138368198263536, 0.7042828220193247, 0.7003724013011297, 0.6990244652952736, 0.6980771585331579, 0.6989660204787901, 0.6984037037196479, 0.698633021329706]}}, "latent_torch_0-2-2-2-2_10_0.01_1_subset": {"metrics": {"train": [1.3904662096405538, 0.9016332432519452, 0.7452737443571616, 0.6838862579813493, 0.6571359575894834, 0.6444153865858275, 0.6380525790063021, 0.6348040312985385, 0.6330146434453586, 0.6320384611280064], "valid": [1.0738249433193807, 0.8461438468115086, 0.7628560091695781, 0.7283804740273758, 0.7127027024482173, 0.7048087703277989, 0.7014285624259022, 0.6996135130545054, 0.6984869811913043, 0.6977808673139086]}}, "latent_torch_0-2-2-2-2_10_0.01_16_subset": {"metrics": {"train": [0.9080290240789113, 0.7383908416023592, 0.6743716776271398, 0.6480183023708749, 0.6333488880245114, 0.624610224592009, 0.6179881681207943, 0.6112453735570522, 0.6056955729796464, 0.6014857522275648], "valid": [0.8117858178548555, 0.7352251233809286, 0.7095929295165634, 0.7006447955497489, 0.6953363105799849, 0.6921386801282224, 0.691972324169464, 0.691983518344678, 0.6913584202624019, 0.6918179632796008]}}}