{"base_4_4": {"metrics": {"train": [0.568092952259097, 0.568120180660361, 0.568120180660361], "valid": [1.1355334824298866, 1.1355334824298866, 1.1355334824298866]}}, "base_torch_4_subset": {"metrics": {"train": [0.9090177610544761, 0.7402286350396262, 0.6795550077372638, 0.6535641593560777, 0.6408113154255511], "valid": [0.8130902994942966, 0.743996482414082, 0.7183924247232918, 0.7072179402743685, 0.7020695245063328]}}}