{"base_4_4": {"metrics": {"train": [0.568092952259097, 0.568120180660361, 0.568120180660361], "valid": [1.1355334824298866, 1.1355334824298866, 1.1355334824298866]}}, "base_torch_4_subset": {"metrics": {"train": [0.9090177610544761, 0.7402286350396262, 0.6795550077372638, 0.6535641593560777, 0.6408113154255511], "valid": [0.8130902994942966, 0.743996482414082, 0.7183924247232918, 0.7072179402743685, 0.7020695245063328]}}, "base_torch_4_5_0.01_subset": {"metrics": {"train": [0.908550066268518, 0.7397045108729525, 0.6790503406247421, 0.6532833287484333, 0.640573134046873], "valid": [0.8130502056109571, 0.7433052145321846, 0.7180892816164871, 0.707076885506157, 0.7020833834967684]}}, "base_torch_8_5_0.01_subset": {"metrics": {"train": [0.910273124711251, 0.7496323949960898, 0.694357014727078, 0.6712674452850307, 0.6599639621146562], "valid": [0.8174123775979764, 0.7522884240743076, 0.7281182750270963, 0.7169757571144643, 0.7114553966531223]}}, "base_torch_2_5_0.01_subset": {"metrics": {"train": [0.9079743557470269, 0.7349992023046436, 0.671918305710281, 0.6450816359918686, 0.6319420964868503], "valid": [0.8115726544433836, 0.7402156868435844, 0.7151690831988916, 0.704720943604417, 0.6999175679338017]}}, "base_torch_1_5_0.01_subset": {"metrics": {"train": [0.9077889425316827, 0.7330066955410125, 0.6688405610344546, 0.6414450980212499, 0.6283421827524093], "valid": [0.8097139288287549, 0.7376684463850124, 0.7135360615300156, 0.7037235038088803, 0.7002479288903218]}}, "base_torch_4_3_0.01_subset": {"metrics": {"train": [0.9085815832579438, 0.7399603719165592, 0.6794815270218129], "valid": [0.812432617689642, 0.7439596977528963, 0.7181729176166044]}}, "base_torch_8_3_0.01_subset": {"metrics": {"train": [0.9109966855651904, 0.7502904192704501, 0.694946681816845], "valid": [0.817997129759082, 0.7532377810569683, 0.7279170035159275]}}, "base_torch_2_3_0.01_subset": {"metrics": {"train": [0.9078435357341289, 0.7350811528981417, 0.6719612054538497], "valid": [0.8114131526832593, 0.740136568298544, 0.7147506621794865]}}, "base_torch_1_3_0.01_subset": {"metrics": {"train": [0.9075495910603034, 0.7325885303734198, 0.6686334159505053], "valid": [0.8096227197652746, 0.7385387013224555, 0.7134133738349756]}}, "base_torch_2_10_0.01_subset": {"metrics": {"train": [0.9076964400346091, 0.7348326148673358, 0.6717693693715313, 0.6449937739062326, 0.6318787666040618, 0.625121257487325, 0.6210008608037666, 0.6186555220797285, 0.6173100725427538, 0.6164806891518592], "valid": [0.8107640882052788, 0.7393677648127496, 0.7144746818030555, 0.7044129844145021, 0.7002648874392744, 0.6976587414781248, 0.6966250003790257, 0.6963273783756602, 0.6959228448632407, 0.6960128025095123]}}, "base_torch_1_10_0.01_subset": {"metrics": {"train": [0.907555553895425, 0.7325681821839304, 0.6684151819925283, 0.6412855469963147, 0.6281570379653153, 0.6212431192022829, 0.6174834106622356, 0.615275618218009, 0.6139119382486271, 0.6132054967127161], "valid": [0.8103900660242288, 0.7383484633477561, 0.7138368198263536, 0.7042828220193247, 0.7003724013011297, 0.6990244652952736, 0.6980771585331579, 0.6989660204787901, 0.6984037037196479, 0.698633021329706]}}, "latent_torch_0-2-2-2-2_10_0.01_1_subset": {"metrics": {"train": [1.3904662096405538, 0.9016332432519452, 0.7452737443571616, 0.6838862579813493, 0.6571359575894834, 0.6444153865858275, 0.6380525790063021, 0.6348040312985385, 0.6330146434453586, 0.6320384611280064], "valid": [1.0738249433193807, 0.8461438468115086, 0.7628560091695781, 0.7283804740273758, 0.7127027024482173, 0.7048087703277989, 0.7014285624259022, 0.6996135130545054, 0.6984869811913043, 0.6977808673139086]}}, "latent_torch_0-2-2-2-2_10_0.01_16_subset": {"metrics": {"train": [0.9080290240789113, 0.7383908416023592, 0.6743716776271398, 0.6480183023708749, 0.6333488880245114, 0.624610224592009, 0.6179881681207943, 0.6112453735570522, 0.6056955729796464, 0.6014857522275648], "valid": [0.8117858178548555, 0.7352251233809286, 0.7095929295165634, 0.7006447955497489, 0.6953363105799849, 0.6921386801282224, 0.691972324169464, 0.691983518344678, 0.6913584202624019, 0.6918179632796008]}}, "latent_torch_0-2-2-2-2_10_0.01_512_subset": {"metrics": {"train": [0.8971101737893402, 0.7080504233558224, 0.6556375878023981, 0.6350019223479997, 0.626181268482378, 0.6210703565718035, 0.6188285485006374, 0.6169117922430877, 0.6172239910565882, 0.6155977386784678], "valid": [0.7881732067500989, 0.7350510350157675, 0.7149578935127985, 0.7064630071798907, 0.7003856743789887, 0.6987331439352775, 0.6960636985653821, 0.6971620747311373, 0.6956344559798086, 0.6962794452443218]}}, "latent_torch_0-2-2-2-2_10_0.01_256_subset": {"metrics": {"train": [0.9006929989645273, 0.7134338923960676, 0.6596268022264073, 0.6346272035941474, 0.6238715147893968, 0.6159885081307012, 0.6130664256342526, 0.6113446269614448, 0.6102921982992806, 0.6085450177146843], "valid": [0.7922364940569321, 0.7325908690784806, 0.7130493752864477, 0.7028708223130568, 0.6975282868296951, 0.6959860983793018, 0.6961212754646893, 0.6945319019617542, 0.69434525432646, 0.6944032179264343]}}, "latent_torch_0-2-2-2-2_10_0.01_128_subset": {"metrics": {"train": [0.9032707142797448, 0.7180045146424902, 0.6626567298103739, 0.6385531921702738, 0.624213658576138, 0.6158515806361504, 0.6108259649259892, 0.6067037401715872, 0.6037820440365809, 0.60148224197181], "valid": [0.7978367046003487, 0.7330018547214067, 0.7120250616917516, 0.702388295896697, 0.6965316692926272, 0.6970159022829177, 0.6929338870435071, 0.692354140743275, 0.6932510737246532, 0.6929879103224131]}}, "latent_torch_0-2-2-2-2_10_0.01_64_subset": {"metrics": {"train": [0.9058040183007013, 0.7252906901548221, 0.6661150030728955, 0.641254044347188, 0.6275245335233449, 0.6180095985467864, 0.610835923987294, 0.6046844666314539, 0.6010584933333858, 0.5970751408136131], "valid": [0.8030989010682862, 0.7311773528652059, 0.7094090385811905, 0.7005459603497626, 0.6963245619165807, 0.6950520889271596, 0.6927978977562652, 0.693233060471699, 0.692145120248624, 0.6922465825140028]}}, "latent_torch_0-2-2-2-2_10_0.01_32_subset": {"metrics": {"train": [0.9081083412544593, 0.7326914563801895, 0.6707012308277552, 0.6453575931826323, 0.6311065985437578, 0.6217019889498148, 0.6136388610407221, 0.6072135471997806, 0.6022908054283063, 0.5978946567959635], "valid": [0.8090719007758818, 0.7327389017112237, 0.7080617435145448, 0.6997981473361502, 0.6964716932153152, 0.693266767479952, 0.692604492625647, 0.690972216358071, 0.6908626337362714, 0.6911349470309097]}}, "latent_torch_0-2-2-2-2_10_0.01_8_subset": {"metrics": {"train": [0.9089793091894673, 0.7435563716181781, 0.6826138551222827, 0.6545808038897867, 0.6392917372120255, 0.6291765871628472, 0.621299945133078, 0.6153066441229602, 0.6098394442285677, 0.6048936013719011], "valid": [0.8128643528786393, 0.7410266305925016, 0.7134640114716113, 0.702005710585649, 0.6971834515574349, 0.6948051254042863, 0.6933765444133793, 0.6931605493453319, 0.6922939498813109, 0.6926230687973778]}}, "latent_torch_0-2-2-2-2_10_0.01_4_subset": {"metrics": {"train": [0.9115866692405002, 0.7421090570352897, 0.6841215274865992, 0.6592125043693671, 0.6465524230594605, 0.6382788046482281, 0.6322080644303298, 0.6269906407128195, 0.6217708447361309, 0.6174601557892404], "valid": [0.8135168527146779, 0.743251050412114, 0.7166951123561717, 0.7060795821746411, 0.7004430660719219, 0.6977645875820208, 0.6958378341707155, 0.69490034037977, 0.6943773218902293, 0.6939177595147097]}}, "latent_torch_0-2-2-2-2_10_0.01_2_subset": {"metrics": {"train": [0.9495097722276894, 0.7445680810709473, 0.68317987628185, 0.6579498033799097, 0.6461092112035413, 0.6396991674778885, 0.6357006038909555, 0.6330684535310038, 0.6306260061635307, 0.6282994752081393], "valid": [0.8254538693723998, 0.7469141400796733, 0.7181986900994862, 0.7065675980456824, 0.7010318643913549, 0.6994258193613374, 0.6973920078143911, 0.6969357517870762, 0.6963738515187832, 0.6963977680861259]}}}