{"latent_0-0.1-1-0.1-1_subset": {"metrics": {"train": [0.906733144377924, 0.727611296587811, 0.6642803536370967, 0.6373804415546529, 0.6214436013736201, 0.6093984685052112, 0.5992316275696666, 0.5905083604324071, 0.5841617043756452, 0.5784720862055855], "valid": [0.8060465499025333, 0.7302335770674133, 0.7076574611879254, 0.6992133351730796, 0.6958652318718124, 0.6925403480838282, 0.6915040648972878, 0.6910177588714466, 0.690499852011611, 0.6910721651559423]}}, "time_0-0.1-1-0.1-0.1-0.1-1_subset": {"metrics": {"train": [0.9082919472521839, 0.7298550834342965, 0.6652902301315005, 0.6390753602331185, 0.6218425326054398, 0.6096471330026447, 0.5994412780545836, 0.5913864125657018, 0.5845581240751598, 0.5783869071023484], "valid": [0.8097699181272362, 0.7321230916232085, 0.708945807351389, 0.7000057166498493, 0.6962970173416749, 0.6935497678103626, 0.6907564651894136, 0.6911614650011778, 0.6908664892736339, 0.6905962167256621]}}, "base_0-0.1-1_subset": {"metrics": {"train": [0.9084425801351821, 0.7441581908684991, 0.6860854253743669, 0.6619782180565668, 0.6503497150266053, 0.6446379723690686, 0.6410626201471552, 0.6392649794344238, 0.638193969141307, 0.637496851480623], "valid": [0.8132257950626886, 0.7422119415221786, 0.7163411516244953, 0.7055635817959561, 0.7009260038448715, 0.6978963894879019, 0.6967256156924884, 0.6962865448764434, 0.6957438171772949, 0.69574848364288]}}, "time_0-0.1-1-0.01-0.01-0.1-1_subset": {"metrics": {"train": [0.9079582886180302, 0.7277943747273843, 0.6644046059312098, 0.638162062468723, 0.6224733480295148, 0.6112139662893735, 0.6007372049915903, 0.5928358574001138, 0.5848434920771793, 0.5801714801257253], "valid": [0.8071350554018176, 0.7293658466911782, 0.7094163895823208, 0.6982420662047797, 0.6952505738908342, 0.6919909365745852, 0.690066119854006, 0.6893573424659234, 0.6901636898056276, 0.6890961845614303]}}, "time_0-0.1-1-0.001-0.001-0.1-1_subset": {"metrics": {"train": [0.9069450222506188, 0.7278486048791688, 0.663804737301224, 0.6373807358014564, 0.6212664133302399, 0.6093956239893055, 0.5995374603170103, 0.5915032491369552, 0.5849203008754867, 0.5790072125116745], "valid": [0.8071438861578406, 0.7299091005856844, 0.7078061565661331, 0.698760714995986, 0.695363890489896, 0.6922355895284696, 0.691155543268793, 0.6914219090869081, 0.6903287146668282, 0.6913266247459479]}}, "time_0-0.1-1-1-1-0.1-1-1-1_subset": {"metrics": {"train": [0.8807184850101748, 0.7028655349101044, 0.663902134149245, 0.643448531127149, 0.6292148479015826, 0.6183445463938111, 0.6081279516680868, 0.5991979452535605, 0.591401444514044, 0.584997388469473], "valid": [0.7607522942717638, 0.7226513668845654, 0.7081362164356495, 0.7014155158315664, 0.6977021934959362, 0.6933692855640362, 0.6919703332953059, 0.691853332509819, 0.6907551112459469, 0.6909262903137604]}}, "price_0-0.1-1-0.01-0.1-1-0.01_subset": {"metrics": {"train": [0.7887037137075564, 0.6556231651948169, 0.6335153564023505, 0.6223761229436452, 0.6139877402199215, 0.6064527246362674, 0.6011868384723238, 0.5959238204863039, 0.5905497627418176, 0.5850333532505464], "valid": [0.7133603397199049, 0.7000599287860602, 0.6950585204433725, 0.6936548313833901, 0.6898079793002833, 0.6881447722813564, 0.6910511695804037, 0.6897729427109108, 0.6887188100489899, 0.6877640582665521]}}, "price_0-0.1-1-0.1-0.1-1-0.1_subset": {"metrics": {"train": [0.8014981549804183, 0.6635670203924584, 0.6348650710385301, 0.6195372537584737, 0.6094683400037647, 0.6007349372810675, 0.5946023182490251, 0.5885092037803583, 0.5821193684672512, 0.5763677854989181], "valid": [0.7180438395633046, 0.7002134070799747, 0.6910442204023871, 0.6876373792830976, 0.6852514989194272, 0.6819739848650134, 0.684192080544184, 0.6826585332287712, 0.6831006624321362, 0.6822837034084265]}}, "price_0-0.1-1-1-0.1-1-1_subset": {"metrics": {"train": [0.8661191572845107, 0.6927579883353681, 0.6580450944683711, 0.6393025137068031, 0.6246958161588803, 0.6137370995333007, 0.6045030701740787, 0.5953197315535104, 0.5882795151313889, 0.5820069945041701], "valid": [0.7458344086123383, 0.7158643186911298, 0.7030189833022822, 0.6973732110041581, 0.6941919468647594, 0.6881293515755027, 0.689571318529546, 0.6871929873171875, 0.686635901291088, 0.6868429497114461]}}, "open_hours_0-0.1-1-0.01-0.1-1-0.01_subset": {"metrics": {"train": [0.7972784582598695, 0.6769889768867137, 0.653771374359677, 0.6400132671334429, 0.6297314362151095, 0.6217981096047447, 0.6154382756990073, 0.6088152393966535, 0.6027849093764176, 0.5965253415881365], "valid": [0.7245608505127991, 0.7071951348591843, 0.7024288921339779, 0.6995204158373701, 0.6996102042539524, 0.6971949789694749, 0.694347878323658, 0.6973572853352941, 0.6949795338020004, 0.6927397580441336]}}, "open_hours_0-0.1-1-0.1-0.1-1-0.1_subset": {"metrics": {"train": [0.8087859817497524, 0.6832423391540247, 0.6625696668850486, 0.6495915429790912, 0.6388886349314448, 0.6291576714852013, 0.6210829396222856, 0.6134922362089841, 0.6062875624490502, 0.5995614840476257], "valid": [0.7282487409792843, 0.710872648354129, 0.7040312474504055, 0.6980168738970159, 0.6973449388941151, 0.6952900307000056, 0.6908119881797207, 0.6890999514147277, 0.6884553030884293, 0.6886413932129157]}}, "open_hours_0-0.1-1-1-0.1-1-1_subset": {"metrics": {"train": [0.8717963146332451, 0.6955403934330111, 0.6604546487220749, 0.6412616327082227, 0.627996757307923, 0.6167199160697913, 0.6067648164209309, 0.5987378301139269, 0.5912153051283985, 0.5853671452651542], "valid": [0.7496692193166788, 0.7183374584027981, 0.7098755280503484, 0.6983201330014389, 0.695267059997431, 0.692468551100702, 0.6916069263388253, 0.6904405182243978, 0.6897080555711063, 0.6898420287035918]}}, "prev_0-0.1-1-0.01-0.1-1-0.01_subset": {"metrics": {"train": [0.9018434662404863, 0.5780327029620492, 0.3102813844893747, 0.1702466220674289, 0.11797139009024235, 0.09627479516565415, 0.08660483309232837, 0.08212982519648587, 0.08045707535967507, 0.0807612149042483], "valid": [0.7854854620390811, 0.7574889613461354, 0.8101200490369932, 0.8487237051399188, 0.8753293463068044, 0.8902923957518294, 0.907108793756465, 0.9152558716019891, 0.9239928589146901, 0.9260655434883087]}}, "prev_0-0.1-1-0.1-0.1-1-0.1_subset": {"metrics": {"train": [0.9027262486086763, 0.6299286691059816, 0.43141122501956414, 0.28901309414100446, 0.21930664475258585, 0.18901351769763564, 0.17330348720917865, 0.16545253566940235, 0.15952052920308332, 0.15665943814510014], "valid": [0.788551318576167, 0.7400240935966031, 0.7566257137654159, 0.7762213972958398, 0.7895429121036598, 0.7963073622344693, 0.7998929347249573, 0.8008921868676712, 0.8048154184501559, 0.80429555119724]}}, "prev_0-0.1-1-1-0.1-1-1_subset": {"metrics": {"train": [0.9044487360087441, 0.7029723731965453, 0.6427062312090922, 0.6109130141743101, 0.5859264633791926, 0.5635511630495066, 0.5455645199789416, 0.5308578615284573, 0.5180395267674762, 0.5084346219979148], "valid": [0.7958998876854442, 0.7296270877327058, 0.713602655700669, 0.7041511254341863, 0.7029759875934212, 0.7006195917710664, 0.6989561913344823, 0.6995628401777795, 0.699605670625738, 0.6998693559190342]}}}