{"latent_0-0.1-1-0.1-1_subset": {"metrics": {"train": [0.906733144377924, 0.727611296587811, 0.6642803536370967, 0.6373804415546529, 0.6214436013736201, 0.6093984685052112, 0.5992316275696666, 0.5905083604324071, 0.5841617043756452, 0.5784720862055855], "valid": [0.8060465499025333, 0.7302335770674133, 0.7076574611879254, 0.6992133351730796, 0.6958652318718124, 0.6925403480838282, 0.6915040648972878, 0.6910177588714466, 0.690499852011611, 0.6910721651559423]}}, "time_0-0.1-1-0.1-0.1-0.1-1_subset": {"metrics": {"train": [0.9082919472521839, 0.7298550834342965, 0.6652902301315005, 0.6390753602331185, 0.6218425326054398, 0.6096471330026447, 0.5994412780545836, 0.5913864125657018, 0.5845581240751598, 0.5783869071023484], "valid": [0.8097699181272362, 0.7321230916232085, 0.708945807351389, 0.7000057166498493, 0.6962970173416749, 0.6935497678103626, 0.6907564651894136, 0.6911614650011778, 0.6908664892736339, 0.6905962167256621]}}, "base_0-0.1-1_subset": {"metrics": {"train": [0.9084425801351821, 0.7441581908684991, 0.6860854253743669, 0.6619782180565668, 0.6503497150266053, 0.6446379723690686, 0.6410626201471552, 0.6392649794344238, 0.638193969141307, 0.637496851480623], "valid": [0.8132257950626886, 0.7422119415221786, 0.7163411516244953, 0.7055635817959561, 0.7009260038448715, 0.6978963894879019, 0.6967256156924884, 0.6962865448764434, 0.6957438171772949, 0.69574848364288]}}, "time_0-0.1-1-0.01-0.01-0.1-1_subset": {"metrics": {"train": [0.9079582886180302, 0.7277943747273843, 0.6644046059312098, 0.638162062468723, 0.6224733480295148, 0.6112139662893735, 0.6007372049915903, 0.5928358574001138, 0.5848434920771793, 0.5801714801257253], "valid": [0.8071350554018176, 0.7293658466911782, 0.7094163895823208, 0.6982420662047797, 0.6952505738908342, 0.6919909365745852, 0.690066119854006, 0.6893573424659234, 0.6901636898056276, 0.6890961845614303]}}, "time_0-0.1-1-0.001-0.001-0.1-1_subset": {"metrics": {"train": [0.9069450222506188, 0.7278486048791688, 0.663804737301224, 0.6373807358014564, 0.6212664133302399, 0.6093956239893055, 0.5995374603170103, 0.5915032491369552, 0.5849203008754867, 0.5790072125116745], "valid": [0.8071438861578406, 0.7299091005856844, 0.7078061565661331, 0.698760714995986, 0.695363890489896, 0.6922355895284696, 0.691155543268793, 0.6914219090869081, 0.6903287146668282, 0.6913266247459479]}}}