{"base": {"metrics": {"train": [0.9084687763595922, 0.7441950871471105, 0.6861550147985682, 0.6618255140319779, 0.6504696448578335, 0.6443965605004243, 0.6412248536597773, 0.6392778278894259, 0.638121416303692, 0.6375398842327152], "valid": [0.812770588439566, 0.7423518429715267, 0.7174961697555086, 0.7052812338100515, 0.7008204674167164, 0.698146768564631, 0.6968362318013935, 0.696039441571926, 0.6954471939440829, 0.6956402379327565]}}, "latent": {"metrics": {"train": [0.9064737501046713, 0.7265279029825562, 0.6641603086050422, 0.6375834829537097, 0.6217193115320786, 0.6100728881597103, 0.6002345511650267, 0.5921698411625804, 0.5851048319789501, 0.5785512594070021], "valid": [0.8043517693653728, 0.7296922410681826, 0.70819271836542, 0.6984460999673152, 0.6937360019280867, 0.6931901905499833, 0.6912858928834333, 0.6905565443371983, 0.6907391159423116, 0.6904073135060734]}}}