{"base": {"metrics": {"train": [0.9084687763595922, 0.7441950871471105, 0.6861550147985682, 0.6618255140319779, 0.6504696448578335, 0.6443965605004243, 0.6412248536597773, 0.6392778278894259, 0.638121416303692, 0.6375398842327152], "valid": [0.812770588439566, 0.7423518429715267, 0.7174961697555086, 0.7052812338100515, 0.7008204674167164, 0.698146768564631, 0.6968362318013935, 0.696039441571926, 0.6954471939440829, 0.6956402379327565]}}, "latent": {"metrics": {"train": [0.9064737501046713, 0.7265279029825562, 0.6641603086050422, 0.6375834829537097, 0.6217193115320786, 0.6100728881597103, 0.6002345511650267, 0.5921698411625804, 0.5851048319789501, 0.5785512594070021], "valid": [0.8043517693653728, 0.7296922410681826, 0.70819271836542, 0.6984460999673152, 0.6937360019280867, 0.6931901905499833, 0.6912858928834333, 0.6905565443371983, 0.6907391159423116, 0.6904073135060734]}}, "final_alpha-0_user-0.1_cafe-1_chains-0.1_price-0.1_open_hours-0.1_period-0.1": {"metrics": {"train": [0.7732196258702974, 0.6616630211639508, 0.6331371481703671, 0.6129374906113824, 0.5985251806242067, 0.5889286050751723, 0.5809477570081449, 0.5735128085165621, 0.5660423872559998, 0.5600623806435187], "valid": [0.707462359012438, 0.6968159164136742, 0.683981885708019, 0.6770725043703881, 0.676221214062381, 0.6720734190372247, 0.672967452051657, 0.6734323376188259, 0.6720142375671064, 0.6685120124986947]}}, "base_alpha-0_user-0.1_cafe-1": {"metrics": {"train": [0.9085728050493932, 0.7444451071857822, 0.6864751263827095, 0.662077904912739, 0.6508312837733328, 0.6443428229922985, 0.6414512453676321, 0.639362091946986, 0.6381736589977289, 0.637648605974556], "valid": [0.8133726844795367, 0.7429350436261348, 0.7163964473101508, 0.7056127178118466, 0.7005713057554206, 0.698310628962138, 0.6968284700683491, 0.6958868398523523, 0.6962243628953071, 0.6956958725700263]}}, "base_latent_alpha-0_user-0.1_cafe-1": {"metrics": {"train": [0.9064453118776508, 0.7262331185194117, 0.6633705454907199, 0.6379285966132623, 0.6219511760925766, 0.6104856917900802, 0.6002883353766599, 0.5917950732391107, 0.5848282572163906, 0.5793013051634043], "valid": [0.8052494899853907, 0.7275949293046785, 0.7080395677303979, 0.6988905510941961, 0.6942728236772897, 0.6914635281520778, 0.6911507419924804, 0.690234877743315, 0.6892751394870197, 0.6899230212576897]}}}